created_at,deleted_at,email_address,first_name,id,last_name,merged_at,parent_user_id
20-12-14 7:07,,ArataHopper@earthlink.info,Arata,51590,Hopper,,
14-10-16 5:39,,Riya_Gruber1974@mail.net,Riya,158891,Gruber,,
21-01-17 10:20,,Peter_Sousa@yahoo.info,Peter,179949,Sousa,,
30-10-15 21:31,,D_Kowalski1962@gmail.com,D,98000,Kowalski,,
24-10-15 16:27,,SNovak1966@mail.com,S,93994,Novak,,
08-01-17 17:44,,Robot_Santos@yahoo.biz,Robot,179853,Santos,,
07-02-15 22:39,,Luis_Wilson1996@inbox.org,Luis,58011,Wilson,,
29-03-15 9:38,,D_Powell1991@yahoo.edu,D,64712,Powell,,
10-03-15 2:37,,E_Hernandez1990@gmail.biz,E,61742,Hernandez,,
20-06-17 4:34,,L_McRobot@gmail.com,L,212631,McRobot,,
05-04-17 10:41,,F_Fourie@earthlink.net,F,199364,Fourie,,
26-03-16 7:29,,Katherine_Hassan1954@outlook.com,Katherine,123499,Hassan,,
12-04-17 23:16,,Grace_Kumar@gmail.com,Grace,196712,Kumar,,
12-01-14 6:50,,Ben_Korhonen@gmail.net,Ben,14946,Korhonen,,
16-01-18 20:36,,M_Computer@gmail.com,M,261175,Computer,,
13-04-17 12:47,,Maryam_Hassan@earthlink.edu,Maryam,196460,Hassan,,
13-11-16 3:33,,AliTaylor1980@inbox.info,Ali,165195,Taylor,17-04-17 12:36,165195
17-05-14 17:45,,JanelleBrown@yahoo.com,Janelle,26445,Brown,,
11-04-16 17:03,,N_Costa@mail.com,N,127206,Costa,,
17-07-17 15:09,12-12-17 20:01,JSargsyan@gmail.biz,J,220461,Sargsyan,,
15-04-17 15:43,,AnneRossi@gmail.edu,Anne,198564,Rossi,,
17-11-16 3:25,,DiegoRussell1978@gmail.info,Diego,164835,Russell,,
28-09-14 5:24,,YKruger1994@gmail.org,Y,40319,Kruger,,
28-11-17 20:12,,Rebecca_Pillay1960@outlook.com,Rebecca,250698,Pillay,,
26-01-15 16:22,,GeorgeWilson1959@gmail.com,George,55818,Wilson,,
24-06-14 4:22,,BPhillips@yahoo.edu,B,28752,Phillips,,
05-12-16 4:20,,Zoe_Khoury@inbox.biz,Zoe,171657,Khoury,,
17-02-18 3:11,,IsabellaScientist1960@outlook.edu,Isabella,271633,Scientist,,
10-02-17 13:33,14-09-17 10:50,Mateo_Anand@earthlink.edu,Mateo,185769,Anand,,
04-06-16 13:17,,Yuna_Davis1960@earthlink.edu,Yuna,134297,Davis,,
13-04-18 23:03,,Seo-yun_Rodriquez1993@yahoo.net,Seo-yun,285201,Rodriquez,,
07-05-18 19:29,,NathanVarghese1987@inbox.edu,Nathan,288775,Varghese,,
20-10-15 19:07,,R_Liu1979@gmail.com,R,93660,Liu,,
04-10-16 18:46,,M_Taylor@yahoo.org,M,156875,Taylor,,
26-08-16 17:12,,SSokolov1992@yahoo.info,S,148813,Sokolov,,
15-02-16 11:17,,Fatima_Freeman@gmail.org,Fatima,113115,Freeman,,
25-11-16 0:47,,Diya_Wilson@yahoo.edu,Diya,170419,Wilson,,
08-10-13 4:29,,Ariel_Watanabe1981@yahoo.net,Ariel,8487,Watanabe,,
21-01-16 10:31,,J_Miller1988@yahoo.com,J,110060,Miller,,
18-10-14 14:56,,Lisa_Lopez@gmail.net,Lisa,43641,Lopez,,
19-07-17 11:31,,AKim@mail.net,A,221914,Kim,,
09-09-16 22:37,,SantiagoSokolov1961@earthlink.com,Santiago,152635,Sokolov,,
01-04-18 23:23,,PCastillo1981@inbox.com,P,283021,Castillo,,
31-08-16 12:22,,Katherine_Lee@inbox.com,Katherine,151485,Lee,,
17-12-17 19:59,,A_Rossi@gmail.com,A,254972,Rossi,,
21-04-16 0:38,,Felipe_Kowalski@gmail.net,Felipe,128320,Kowalski,,
05-03-15 9:42,,Katherine_Adebayo1997@gmail.biz,Katherine,60317,Adebayo,,
11-01-16 22:31,,HarutaSmith1954@inbox.biz,Haruta,108761,Smith,,
12-06-16 22:27,,HosnaDhawan1988@yahoo.com,Hosna,135205,Dhawan,,
25-09-14 17:10,,M_Webster1991@yahoo.com,M,40740,Webster,,
06-08-13 18:42,,JackPatel@outlook.com,Jack,4832,Patel,,
23-05-13 3:54,,SunitaLopez@gmail.com,Sunita,1634,Lopez,,
27-07-16 10:48,,DotComputer@inbox.info,Dot,145577,Computer,,
20-03-14 9:00,,Peter_Chen@mail.biz,Peter,20583,Chen,,
21-07-13 21:46,,JuanGonzalez@yahoo.com,Juan,4518,Gonzalez,,
04-05-18 21:54,,Janelle_Freeman@yahoo.net,Janelle,289230,Freeman,,
07-06-15 0:21,,TVarghese2005@earthlink.net,T,71986,Varghese,,
14-03-16 1:18,,Ben_McRobot1989@yahoo.org,Ben,119815,McRobot,,
05-07-16 10:33,,EMiller1975@mail.com,E,141404,Miller,,
20-03-17 4:41,,ZekeRobotson@earthlink.com,Zeke,192206,Robotson,22-02-18 16:43,192206
26-12-16 12:08,,F_Castillo2001@earthlink.com,F,174202,Castillo,,
28-03-14 9:11,,KobeMcRobotFace@yahoo.edu,Kobe,21514,McRobotFace,,
07-12-16 4:02,,FComputer@gmail.biz,F,172288,Computer,,
20-07-17 8:01,,AMiller1970@yahoo.org,A,221150,Miller,,
07-02-17 0:31,,LisaFourie2000@mail.net,Lisa,182841,Fourie,,
29-11-15 5:53,,Hanah_Nielsen@yahoo.info,Hanah,101320,Nielsen,,
29-04-16 8:18,,M_Agarwal2003@yahoo.net,M,127291,Agarwal,,
13-03-18 1:52,,MaryamAgarwal@inbox.com,Maryam,277559,Agarwal,,
19-06-17 6:30,,JDiaz@inbox.org,J,213890,Diaz,,
26-09-13 16:40,,TambikaNielsen1952@earthlink.net,Tambika,8115,Nielsen,,
05-01-18 21:36,,PeterEvans@gmail.net,Peter,261208,Evans,,
31-05-16 10:59,,Halim_McRobot1950@earthlink.edu,Halim,135833,McRobot,,
07-10-16 8:35,,MiaLiu2001@mail.org,Mia,157554,Liu,,
09-10-15 13:10,,SSchmidt1979@gmail.com,S,91620,Schmidt,,
31-03-15 2:45,,Tambika_Botson1972@mail.info,Tambika,64303,Botson,,
28-12-14 5:24,,RodrigoChopra@gmail.org,Rodrigo,51930,Chopra,,
30-05-18 11:20,,BekimMiller@mail.org,Bekim,295473,Miller,,
19-04-15 12:32,,AMueller@gmail.edu,A,65563,Mueller,,
08-01-18 17:04,,G_Nielsen@mail.net,G,263066,Nielsen,,
07-10-17 9:22,,Amaira_Jones1990@gmail.com,Amaira,237096,Jones,,
29-12-16 21:47,,Aya_Diaz1960@gmail.edu,Aya,177011,Diaz,,
28-02-16 13:29,,ReemTanaka@earthlink.biz,Reem,117847,Tanaka,,
10-10-16 16:54,,Z_Kim1952@inbox.com,Z,158048,Kim,,
06-05-17 0:37,,EmilyHuang1966@gmail.edu,Emily,204792,Huang,,
15-02-18 23:38,,M_Costa1958@earthlink.info,M,271884,Costa,,
20-11-16 19:16,,Aya_Sargsyan@gmail.biz,Aya,169376,Sargsyan,,
17-05-17 9:37,,KHuang@earthlink.edu,K,208127,Huang,,
23-11-14 0:31,,E_Adams@gmail.edu,E,47132,Adams,,
21-01-18 23:49,,JDavis@earthlink.info,J,263937,Davis,,
13-01-14 8:34,,Data_Horvat1982@mail.net,Data,15163,Horvat,,
01-04-17 21:55,,Jacob_Acharya@gmail.com,Jacob,195133,Acharya,,
06-06-15 14:16,,Ariel_Powell1986@outlook.info,Ariel,75151,Powell,,
14-01-16 4:01,,Juan_Brown1958@outlook.edu,Juan,107685,Brown,,
25-02-16 18:55,,Irene_Fourie1971@mail.edu,Irene,115343,Fourie,,
16-11-17 18:08,,D_Lee1981@gmail.info,D,245671,Lee,,
26-05-14 11:12,,Mary_Janssens1980@gmail.info,Mary,26643,Janssens,,
28-08-15 17:50,,Yuna_Adams1968@inbox.com,Yuna,87399,Adams,,
17-01-17 23:52,,Mia_Liu@inbox.info,Mia,180976,Liu,,
12-03-18 5:55,,KhalidTaylor1980@mail.info,Khalid,275258,Taylor,,
23-11-17 10:56,,NalahBrown1960@mail.biz,Nalah,251028,Brown,,
